,First,Last,String1,Date1,Date2,Integer1,Integer2,String2,String3,Time1,Time2,Time3
0,Nevaeh,Roberts,M,2/5/2009,20/05/2011 00:00:00,181.0725896,152,"Jones, Roach and Thomas",Product Number: FB?¿-74265848-!*H!,4:13:03,4:08 AM,3:35
1,Shaniece,Bergstrom,F,2/9/2007,23/06/2017 00:00:00,163.8822789,143,Logan PLC,Product Number: ªDE#-85895114-¿FEA,4:35:09,3:57 AM,4:33
2,Darin,Bernier,M,8/6/2018,20/02/2003 00:00:00,119.6881347,184,Robinson-Fitzgerald,Product Number: Cª!ª-79951832-DH¡F,4:59:23,4:37 AM,3:10
3,Johnie,Romaguera,M,1/6/2001,21/11/2017 00:00:00,110.5528862,182,"Johnson, Mcdowell and Castillo",Product Number: D¡E/-73038814-#Dª/,4:44:23,4:11 AM,3:03
4,Paloma,Ebert,F,22/05/2012,19/08/2011 00:00:00,190.0749287,171,Villanueva-Ryan,Product Number: H¿ªH-65257514-ª¡¡H,4:43:17,4:55 AM,4:42
5,Iesha,Morar,F,16/09/2018,24/02/2011 00:00:00,176.5368045,187,"Mendez, Mckee and Hammond",Product Number: B¿F¡-52368557-¿*ª#,4:33:11,4:05 AM,4:40
6,Angella,Kuvalis,F,15/05/2006,10/4/2000 0:00,126.502627,121,Martin Group,Product Number: ?¿*H-62573517-B!C!,3:59:39,4:21 AM,4:10
7,Garey,Hirthe,F,20/10/2011,14/08/2005 00:00:00,102.564503,156,"Jones, Roach and Thomas",Product Number: H*BC-40389580-çH*E,3:35:14,5:01 AM,3:36
8,Janey,Bauch,M,28/09/2018,4/10/2009 0:00,151.7823691,129,"Swanson, Brooks and Aguirre",Product Number: D¡/D-91417952-#EAE,4:07:33,4:54 AM,3:44
9,Steven,Abshire,M,22/04/2019,24/02/2019 00:00:00,198.464513,158,"Lucas, Lewis and Hurst",Product Number: GªEG-37992008-#G?B,4:08:52,3:22 AM,3:40
10,Kimball,Senger,F,28/01/2014,18/04/2011 00:00:00,121.4764636,129,Brown-Berger,Product Number: CAª!-50764656-ç#¿¿,4:07:27,5:01 AM,3:03
11,Zaria,Murphy,M,20/06/2013,16/12/2011 00:00:00,127.7056889,113,"Carpenter, Wyatt and Wilson",Product Number: FEªD-16873971-B?¿*,4:24:35,4:45 AM,4:54
12,Bush,Gusikowski,M,19/04/2019,13/05/2001 00:00:00,180.0828078,194,Henderson-Williams,Product Number: B*!G-99994686-EB!*,3:47:02,4:13 AM,4:36
13,Marilla,Fahey,F,18/02/2001,29/06/2009 00:00:00,154.8164589,139,Martin Group,Product Number: EH¡ç-64168605-/¡AG,3:40:08,3:37 AM,4:16
14,Kira,Cormier,M,27/05/2008,21/02/2013 00:00:00,193.1249668,174,"Garrison, Jimenez and Lindsey",Product Number: ¿#!G-01843411-ªDB?,3:12:55,3:12 AM,3:56
15,Olin,Jacobi,F,17/07/2002,18/03/2002 00:00:00,147.1338565,135,"Nguyen, Wright and Bates",Product Number: #ECE-94324159-FBªH,3:17:18,3:50 AM,4:58
16,Tinnie,Jast,M,17/12/2006,23/08/2001 00:00:00,109.9173407,134,Yates Group,Product Number: ç#EG-10451075-C¿F!,4:10:01,4:48 AM,4:37
17,Denzel,Rogahn,M,22/02/2010,12/1/2011 0:00,181.9032775,178,Cox Ltd,Product Number: AHªG-47069473-?ªçG,4:38:03,4:59 AM,4:52
18,Gale,Stanton,M,9/4/2019,9/5/2005 0:00,140.5500551,180,Garcia-Wallace,Product Number: F!**-27532073-GH?D,3:30:26,4:55 AM,5:02
19,Elda,Tremblay,M,8/1/2009,27/01/2008 00:00:00,119.675383,167,"Carr, Ward and Brown",Product Number: ¿BçH-93906500-FD/!,3:39:20,4:23 AM,4:36
20,Starling,O'Keefe,F,1/10/2019,25/12/2010 00:00:00,168.7682955,154,Graves LLC,Product Number: ?!*!-89327986-EGªF,3:16:19,4:16 AM,4:51
21,Jana,Volkman,M,24/04/2016,21/12/2009 00:00:00,123.866633,196,Roberts LLC,Product Number: A!¡*-29721321-BDH¡,4:32:44,4:55 AM,4:32
22,Casey,Altenwerth,F,8/2/2008,19/03/2006 00:00:00,149.4782517,175,Boone-Gray,Product Number: A!#ª-75992567-¿AAG,3:22:36,3:57 AM,3:49
23,Sheridan,Ward,M,18/04/2006,20/02/2016 00:00:00,115.758332,135,Wilson and Sons,Product Number: BFC¿-70232959-#?¡!,3:26:26,4:26 AM,4:10
24,Ephriam,Gleason,F,23/10/2017,18/07/2006 00:00:00,164.9632496,161,Figueroa LLC,Product Number: FB¡¡-48701616-G#ç*,5:01:05,4:48 AM,3:12
25,Phoenix,Mante,M,6/4/2003,3/7/2010 0:00,159.1385222,185,"Torres, Wood and Sanchez",Product Number: ª¿?*-82420441-ªFBA,3:55:13,4:10 AM,4:18
26,Columbus,Lesch,M,21/09/2010,20/08/2014 00:00:00,113.735889,164,"Smith, Wells and Crane",Product Number: ¿/CD-10705513-?ªEA,5:02:07,4:31 AM,4:54
27,Lovett,Conn,F,8/9/2011,17/10/2002 00:00:00,106.6791851,152,Martin Group,Product Number: *G?!-53167384-/FçB,4:22:47,3:29 AM,3:42
28,Pamella,Greenholt,M,14/03/2002,6/6/2010 0:00,127.0221223,125,"Torres, Wood and Sanchez",Product Number: C*?!-13719371-AªEG,3:48:50,4:18 AM,3:09
29,Delta,Okuneva,F,24/10/2017,3/1/2018 0:00,160.4532431,137,Santos-York,Product Number: G#EE-68398584-/F¿A,3:10:11,3:14 AM,3:35
30,Lyndia,Kuhn,M,15/04/2011,22/08/2012 00:00:00,192.0980719,134,"Jones, Roach and Thomas",Product Number: #CEE-36508094-BE¿!,5:03:10,4:57 AM,3:46
31,Colton,Yost,M,11/1/2018,21/02/2012 00:00:00,141.3215588,159,Brown-Berger,Product Number: ¡çCG-01763326-¡ªGF,3:59:35,4:06 AM,4:37
32,Saige,Oberbrunner,F,7/9/2015,25/12/2010 00:00:00,195.1305649,160,Hood Group,Product Number: /#B¡-86429197-ç¡/*,3:36:14,3:02 AM,3:34
33,Mitchel,Thompson,F,11/6/2015,31/03/2019 00:00:00,197.8681156,188,"Palmer, Hogan and Webb",Product Number: ª¡BE-40606552-F*//,3:57:23,4:24 AM,3:54
34,Tanika,Rolfson,M,4/9/2003,14/06/2017 00:00:00,109.2309306,192,Diaz and Sons,Product Number: ªE#?-70561406-BGª¡,3:12:56,4:53 AM,4:39
35,Alcie,McClure,M,10/9/2006,18/11/2014 00:00:00,122.1196807,188,Diaz and Sons,Product Number: ¿H¡A-87419216-*BHA,3:34:40,3:56 AM,4:22
36,Kendra,Berge,M,18/04/2000,4/4/2007 0:00,177.2779645,146,"Mendez, Mckee and Hammond",Product Number: ?*!/-59406537-G#!ç,3:36:40,4:44 AM,4:54
37,Danette,Heathcote,M,24/10/2000,2/4/2013 0:00,102.3053638,149,Brown-Berger,Product Number: F¡*A-63193770-DB!!,3:19:53,3:51 AM,5:03
38,Bethel,Wiza,M,9/6/2000,23/11/2004 00:00:00,142.7456033,145,"Nichols, Smith and Aguilar",Product Number: ED?E-34354920-EEGç,4:20:26,3:53 AM,3:49
39,Nallely,Moen,M,20/02/2019,18/03/2012 00:00:00,130.2145711,151,"Palmer, Hogan and Webb",Product Number: ªA#¡-98909236-#GEF,4:32:49,4:57 AM,4:03
40,Vicy,Kub,F,2/8/2010,12/5/2006 0:00,143.5519578,157,Cohen-Duncan,Product Number: ¡¡#D-68020708-?¡?B,3:02:47,3:41 AM,4:56
41,Burke,Koelpin,F,4/3/2007,6/8/2012 0:00,187.4641273,135,Wilson-Velez,Product Number: !D/!-77767598-FGª#,3:38:42,3:22 AM,4:48
42,Harrie,Sipes,F,9/6/2001,29/07/2009 00:00:00,167.0833878,149,"Carpenter, Wyatt and Wilson",Product Number: ??D#-06254652-H*FH,3:28:50,3:23 AM,3:57
43,Roselyn,Towne,M,12/5/2000,12/2/2001 0:00,106.4226996,177,Glass Ltd,Product Number: ¡ª¿ª-65477756-G¡GH,4:35:52,3:13 AM,4:53
44,Murphy,Parisian,M,19/11/2016,22/08/2003 00:00:00,182.5791741,189,Villanueva-Ryan,Product Number: !¿H!-81543535-Dç/C,3:23:15,4:02 AM,4:16
45,Clair,Robel,F,27/03/2000,4/4/2018 0:00,154.5335279,105,Jensen Group,Product Number: ??/#-76068387-ª//E,3:12:55,3:40 AM,3:17
46,Ramona,Hand,F,25/06/2015,29/09/2011 00:00:00,192.3174877,194,Diaz and Sons,Product Number: HAEH-22001131-GDGA,3:57:44,3:25 AM,4:53
47,Collette,Sanford,F,2/9/2011,7/10/2012 0:00,136.4803196,170,"Nguyen, Wright and Bates",Product Number: *Aª#-83394503-/GçE,3:48:50,4:27 AM,3:54
48,Jocelyne,Hills,F,23/04/2005,26/01/2010 00:00:00,103.8086039,129,Gardner-Kline,Product Number: HH¡?-50002285-EAHE,4:23:43,3:53 AM,3:32
49,Tennessee,Goyette,F,6/9/2006,3/7/2001 0:00,193.0723998,150,Wilson and Sons,Product Number: D?¡ª-98572855-¡¿çH,4:23:06,3:59 AM,4:47
50,Noe,Abernathy,M,15/01/2017,22/01/2000 00:00:00,140.020068,180,"Miller, Davis and Ross",Product Number: HAçE-03071792-!?CG,3:19:16,3:53 AM,3:34
51,Marlyn,Mayer,M,1/4/2002,11/11/2001 0:00,108.0600671,165,Thornton-Berger,Product Number: HAçG-49181163-!AªC,3:10:54,4:24 AM,3:44
52,Leamon,Nikolaus,F,7/1/2019,30/08/2005 00:00:00,120.788025,132,"Nguyen, Wright and Bates",Product Number: H¿HE-72506191-/?A!,3:03:38,4:26 AM,5:00
53,Dixon,Hackett,F,24/08/2016,11/5/2018 0:00,186.3454851,153,Jones LLC,Product Number: AF?D-23567143-¿#BG,3:20:35,4:39 AM,4:56
54,Thurlow,Erdman,M,3/7/2003,24/04/2007 00:00:00,133.9745195,183,Whitaker-Cuevas,Product Number: BªF¡-95536917-¿#*E,4:00:46,4:38 AM,3:32
55,Nakia,Okuneva,F,30/11/2013,26/06/2002 00:00:00,112.8636424,130,Brown-Berger,Product Number: ªD/C-06086863-H¿E?,4:47:23,4:25 AM,4:07
56,Angel,Lynch,M,8/1/2003,11/4/2014 0:00,135.1986429,139,"Taylor, Martinez and Hunt",Product Number: ¡çGC-07074488-GDBB,3:03:02,3:03 AM,4:50
57,Annmarie,Feil,M,20/12/2007,1/8/2004 0:00,179.6655202,155,Perez-Wilson,Product Number: *AEA-55339079-CG!¿,4:57:01,3:46 AM,4:01
58,Marnie,Conroy,,26/04/2015,15/07/2016 00:00:00,169.4973711,178,Logan PLC,Product Number: #DDG-63178297-¡HªG,3:41:20,5:04 AM,3:46
59,Hence,Russel,M,24/08/2002,26/06/2016 00:00:00,165.1906113,159,"Steele, Graham and Smith",Product Number: *F!D-81004688-A#EC,3:59:58,4:36 AM,4:22
60,Anita,Feest,M,25/11/2019,22/08/2003 00:00:00,174.1958794,189,"Wood, Gonzalez and Sullivan",Product Number: !AAç-18202947-!H?¿,3:27:39,3:36 AM,4:02
61,Minda,Heller,M,7/7/2008,3/12/2000 0:00,115.87649,189,Stevens and Sons,Product Number: #FH¿-52654685-/C*!,4:26:49,3:46 AM,3:19
62,Harman,Haag,M,20/10/2013,12/11/2018 0:00,184.3957525,145,"Taylor, Martinez and Hunt",Product Number: ¡D¡/-09768746-G!Aª,3:17:50,3:40 AM,3:55
63,Kimberly,Armstrong,F,1/4/2015,3/3/2016 0:00,195.8505062,111,Fisher PLC,Product Number: ªAªç-11918455-!HD#,4:16:20,4:44 AM,3:08
64,Gloria,Kutch,F,12/3/2016,5/1/2016 0:00,196.0003705,177,"Pierce, Boyd and Gutierrez",Product Number: DC?/-34515822-¿DBD,3:03:45,4:24 AM,3:37
65,Juwan,Lakin,F,20/01/2003,22/10/2001 00:00:00,140.944449,120,"Miller, Davis and Ross",Product Number: DAªE-16346055-*¡ªB,3:37:55,5:01 AM,4:27
66,Glynn,Douglas,F,19/02/2019,17/11/2010 00:00:00,113.294339,102,Stevens and Sons,Product Number: /#F!-53998752-¡*¿?,3:13:47,4:27 AM,4:33
67,Woodson,King,M,7/3/2013,27/08/2013 00:00:00,186.4528847,160,Pierce Ltd,Product Number: EA/D-18604167-ªB//,3:55:50,3:16 AM,3:30
68,Elle,Jenkins,M,5/8/2004,14/06/2016 00:00:00,186.8918635,109,"Hull, Warner and Waters",Product Number: HHA¿-53834523-!?B¿,3:40:02,3:42 AM,3:18
69,Guadalupe,McLaughlin,F,1/1/2017,11/5/2015 0:00,156.924401,184,Hurst and Sons,Product Number: *GBç-45383262-çDEH,4:29:49,4:40 AM,3:23
70,Blanch,Hilll,F,7/8/2001,21/03/2003 00:00:00,102.6509004,171,Pierce Ltd,Product Number: FG?H-78784972-*A!¡,3:53:26,3:20 AM,5:00
71,Adelina,Braun,M,16/11/2017,27/11/2014 00:00:00,177.1527219,129,Guzman PLC,Product Number: ?!F/-22651097-AB¡ª,4:05:59,4:02 AM,3:54
72,Clydie,Beer,F,18/12/2007,14/08/2003 00:00:00,159.0480085,174,Kramer Inc,Product Number: FH!D-44569914-ªC*D,3:39:47,4:28 AM,3:16
73,Vlasta,McClure,M,15/07/2016,10/6/2013 0:00,169.2172755,116,Williams Inc,Product Number: GAH¿-43826688-BD*ª,4:51:13,4:26 AM,3:46
74,Crawford,Volkman,M,26/08/2010,12/8/2015 0:00,194.224656,180,Cox Ltd,Product Number: ECA!-18382209-?**¿,3:28:27,3:09 AM,4:28
75,Mikaila,Larson,M,25/08/2016,13/05/2015 00:00:00,193.1729653,131,"Green, Barnes and Gomez",Product Number: #¿ED-40857390-EGª/,3:57:17,3:51 AM,4:43
76,Tariq,Watsica,F,7/5/2007,11/6/2015 0:00,136.2832028,177,Gould-Cox,Product Number: /GCª-74695561-BA!ª,3:13:15,3:46 AM,3:18
77,Isaias,Rath,F,14/01/2006,7/2/2007 0:00,181.4638485,148,Brown-Berger,Product Number: çG?H-11553603-ç¡AC,4:48:27,4:31 AM,4:46
78,Kaylyn,Jacobson,F,6/8/2011,14/05/2003 00:00:00,128.55765,113,"Garrison, Jimenez and Lindsey",Product Number: *¿D¡-68608687-#ªGD,4:25:06,4:30 AM,4:19
79,Kalen,Smith,M,4/8/2000,7/1/2010 0:00,144.4698358,153,Martin Group,Product Number: #¡HD-77677310-*¡ª?,3:33:46,4:51 AM,3:29
80,Ellyn,Mitchell,F,14/01/2001,13/04/2006 00:00:00,189.4999811,127,"Hull, Warner and Waters",Product Number: /¿E?-56882445-G*ª?,3:56:59,3:41 AM,4:44
81,Rand,Konopelski,F,5/3/2014,3/7/2015 0:00,141.679667,114,"Miller, Davis and Ross",Product Number: !FED-07944334-!BBç,3:15:15,4:05 AM,4:19
82,Arietta,Cronin,M,4/4/2015,31/08/2016 00:00:00,146.3544475,187,Williams Inc,Product Number: /DBC-26082649-?DD#,4:09:05,3:05 AM,4:46
83,Miranda,Marks,F,13/08/2011,8/12/2014 0:00,168.0167284,124,Hood Group,Product Number: ª/E*-88701047-ªB?H,3:35:25,4:23 AM,4:28
84,Suzan,Turcotte,F,16/03/2007,6/2/2010 0:00,117.9118919,151,Ward PLC,Product Number: BBH*-40547799-ªçH*,4:07:06,3:06 AM,3:23
85,Leighton,Roberts,M,3/3/2010,26/05/2001 00:00:00,117.9536459,110,"Palmer, Hogan and Webb",Product Number: ¡ªG#-94548978-/¿Hª,3:47:31,4:02 AM,3:09
86,Marcy,Greenfelder,M,2/7/2002,7/9/2005 0:00,164.8721908,133,"Taylor, Martinez and Hunt",Product Number: ¿B!G-90015793-AH¡!,3:23:23,4:24 AM,4:43
87,Masao,Bernier,F,30/12/2005,24/11/2012 00:00:00,138.6858491,100,Martin Group,Product Number: ç#ªç-90005190-HDBF,4:23:07,4:08 AM,4:43
88,Beau,Corkery,F,1/1/2002,15/04/2010 00:00:00,157.1164972,172,Roberts LLC,Product Number: FçDA-50283183-EA¿C,3:18:08,3:42 AM,4:14
89,Jordy,Orn,F,24/04/2016,6/2/2015 0:00,185.3907006,116,"Wallace, White and Richardson",Product Number: /#C¡-88093019-GçH?,3:44:46,4:27 AM,4:43
90,Shelby,Schamberger,F,8/10/2014,24/11/2010 00:00:00,139.2642089,129,"Garcia, Watkins and Watson",Product Number: *¿D¡-62681836-##!!,3:59:27,4:37 AM,4:24
91,Felipe,Kuhlman,M,14/08/2007,2/5/2009 0:00,161.6932605,192,Williams Inc,Product Number: ççC*-06623510-EF!#,4:28:38,4:06 AM,4:42
92,Estefania,Schumm,M,29/11/2016,31/12/2006 00:00:00,106.8502678,133,Kramer Inc,Product Number: /#HF-68206647-?¡Fª,3:34:15,4:39 AM,3:54
93,Prudie,Jacobs,F,1/6/2004,29/05/2018 00:00:00,142.1731494,197,"Nguyen, Wright and Bates",Product Number: #¡DE-29099829-C?F¡,4:45:59,4:25 AM,4:47
94,Matie,Tremblay,F,20/09/2009,27/01/2004 00:00:00,117.5592405,113,Nixon-Perez,Product Number: H??H-47578150-DE//,3:39:28,3:22 AM,4:08
95,Cornel,Gusikowski,F,25/06/2002,27/11/2014 00:00:00,181.1484689,168,Schmidt and Sons,Product Number: /ç!H-83655293-AD?C,3:06:09,4:40 AM,4:38
96,Timothy,Morissette,M,3/12/2000,10/5/2015 0:00,135.4987687,134,"Nelson, Cunningham and Shelton",Product Number: C¡¡A-24041670-ç¿D¿,3:18:36,3:54 AM,4:42
97,Pearla,Mann,M,14/03/2016,31/10/2013 00:00:00,108.5303927,114,Ward PLC,Product Number: ¡GAª-15671636-#G//,3:07:17,4:36 AM,4:33
98,Chris,McKenzie,M,8/5/2019,10/11/2002 0:00,183.7315462,166,"Sanchez, Lawson and Wagner",Product Number: ªGD/-21454309-C¡E?,3:54:37,3:14 AM,3:49
99,Iesha,Schneider,M,24/03/2016,20/01/2017 00:00:00,146.4033695,176,Parker Group,Product Number: DDE!-79450393-*!D¡,4:50:58,4:12 AM,3:45
